user_id,nombre,apellido,email,genero,edad,telefono,usuario,fecha_nacimiento,ciudad,provincia,cp,direccion,email_valido
1,Emily,Johnson,emily.johnson@x.dummyjson.com,female,28,+81 965-431-3024,emilys,1996-05-30,Phoenix,Mississippi,29112,626 Main Street,True
2,Michael,Williams,michael.williams@x.dummyjson.com,male,35,+49 258-627-6644,michaelw,1989-08-10,Houston,Alabama,38807,385 Fifth Street,True
3,Sophia,Brown,sophia.brown@x.dummyjson.com,female,42,+81 210-652-2785,sophiab,1982-11-06,Washington,Alabama,32822,1642 Ninth Street,True
4,James,Davis,james.davis@x.dummyjson.com,male,45,+49 614-958-9364,jamesd,1979-05-04,Seattle,Pennsylvania,68354,238 Jefferson Street,True
5,Emma,Miller,emma.miller@x.dummyjson.com,female,30,+91 759-776-1614,emmaj,1994-06-13,Jacksonville,Colorado,26593,607 Fourth Street,True
6,Olivia,Wilson,olivia.wilson@x.dummyjson.com,female,22,+91 607-295-6448,oliviaw,2002-04-20,Fort Worth,Tennessee,83843,547 First Street,True
7,Alexander,Jones,alexander.jones@x.dummyjson.com,male,38,+61 260-824-4986,alexanderj,1986-10-20,Indianapolis,Delaware,86684,664 Maple Street,True
8,Ava,Taylor,ava.taylor@x.dummyjson.com,female,27,+1 458-853-7877,avat,1997-08-25,Fort Worth,Rhode Island,24771,1197 First Street,True
9,Ethan,Martinez,ethan.martinez@x.dummyjson.com,male,33,+92 933-608-5081,ethanm,1991-02-12,San Antonio,Louisiana,72360,466 Pine Street,True
10,Isabella,Anderson,isabella.anderson@x.dummyjson.com,female,31,+49 770-658-4885,isabellad,1993-06-10,New York,Utah,89352,1964 Oak Street,True
11,Liam,Garcia,liam.garcia@x.dummyjson.com,male,29,+92 870-217-6201,liamg,1995-06-06,Denver,South Dakota,57252,576 Fifth Street,True
12,Mia,Rodriguez,mia.rodriguez@x.dummyjson.com,female,24,+49 989-461-8403,miar,2000-08-04,Jacksonville,West Virginia,41810,1627 Sixth Street,True
13,Noah,Hernandez,noah.hernandez@x.dummyjson.com,male,40,+49 393-605-6968,noahh,1984-06-05,New York,North Dakota,73696,1413 Maple Street,True
14,Charlotte,Lopez,charlotte.lopez@x.dummyjson.com,female,36,+44 373-953-5028,charlottem,1988-06-08,Columbus,Ohio,42044,208 Second Street,True
15,William,Gonzalez,william.gonzalez@x.dummyjson.com,male,32,+81 905-252-7319,williamg,1992-03-27,San Jose,Utah,78243,31 Maple Street,True
16,Avery,Perez,avery.perez@x.dummyjson.com,female,25,+61 731-431-3457,averyp,1999-03-10,Columbus,Iowa,30973,1125 First Street,True
17,Evelyn,Sanchez,evelyn.sanchez@x.dummyjson.com,female,37,+1 623-880-6871,evelyns,1987-10-13,San Diego,Wyoming,43423,1170 Lincoln Street,True
18,Logan,Torres,logan.torres@x.dummyjson.com,male,31,+81 507-434-8733,logant,1993-10-26,Columbus,Arkansas,78805,907 Seventh Street,True
19,Abigail,Rivera,abigail.rivera@x.dummyjson.com,female,28,+91 228-363-7806,abigailr,1996-10-11,Chicago,New Mexico,11407,996 Oak Street,True
20,Jackson,Evans,jackson.evans@x.dummyjson.com,male,34,+44 468-628-6686,jacksone,1990-11-30,New York,Arkansas,26600,1873 Main Street,True
21,Madison,Collins,madison.collins@x.dummyjson.com,female,26,+81 259-957-5711,madisonc,1998-03-07,Philadelphia,New Jersey,62091,1892 Lincoln Street,True
22,Elijah,Stewart,elijah.stewart@x.dummyjson.com,male,33,+44 468-357-7872,elijahs,1991-10-22,Columbus,Illinois,31585,1701 Eighth Street,True
23,Chloe,Morales,chloe.morales@x.dummyjson.com,female,39,+92 468-541-7133,chloem,1985-04-21,Dallas,New Jersey,54972,401 Fourth Street,True
24,Mateo,Nguyen,mateo.nguyen@x.dummyjson.com,male,30,+1 341-597-6694,mateon,1994-06-02,Columbus,Missouri,20673,1578 Fourth Street,True
25,Harper,Kelly,harper.kelly@x.dummyjson.com,female,27,+92 518-863-2863,harpere,1997-03-03,Philadelphia,New York,69521,1591 Adams Street,True
26,Evelyn,Gonzalez,evelyn.gonzalez@x.dummyjson.com,female,35,+61 708-508-4638,evelyng,1989-02-05,Dallas,Maine,84898,1065 Lincoln Street,True
27,Daniel,Cook,daniel.cook@x.dummyjson.com,male,41,+44 254-761-6843,danielc,1983-12-25,Los Angeles,Nevada,58781,1163 Pine Street,True
28,Lily,Lee,lily.lee@x.dummyjson.com,female,29,+1 808-757-9867,lilyb,1995-12-03,Phoenix,Massachusetts,41540,1946 Oak Street,True
29,Henry,Hill,henry.hill@x.dummyjson.com,male,38,+1 240-833-4680,henryh,1986-08-19,Indianapolis,Delaware,81783,1837 Maple Street,True
30,Addison,Wright,addison.wright@x.dummyjson.com,female,32,+1 514-384-3300,addisonw,1992-01-03,San Francisco,Montana,54698,568 Tenth Street,True
31,Gabriel,Adams,gabriel.adams@x.dummyjson.com,male,36,+91 936-400-4116,gabriela,1988-09-05,Charlotte,Indiana,21191,1814 Cedar Street,True
32,Natalie,Harris,natalie.harris@x.dummyjson.com,female,28,+49 584-501-9302,natalieh,1996-07-23,San Jose,Mississippi,31121,356 Pine Street,True
33,Carter,Baker,carter.baker@x.dummyjson.com,male,31,+49 787-512-9117,carterb,1993-04-19,Denver,Oregon,74622,625 Third Street,True
34,Sofia,Mitchell,sofia.mitchell@x.dummyjson.com,female,25,+92 957-686-6804,sofiam,1999-11-18,San Francisco,Oregon,42411,21 Cedar Street,True
35,Jack,Ward,jack.ward@x.dummyjson.com,male,29,+91 857-765-4373,jackw,1995-09-23,Phoenix,Idaho,42061,164 Elm Street,True
36,Harper,Turner,harper.turner@x.dummyjson.com,female,33,+49 980-340-5333,harpert,1991-01-14,Dallas,Utah,63361,1964 Fifth Street,True
37,Mason,Parker,mason.parker@x.dummyjson.com,male,34,+61 837-389-4095,masonp,1990-04-20,Seattle,Louisiana,20540,419 Elm Street,True
38,Aria,Roberts,aria.roberts@x.dummyjson.com,female,26,+61 411-514-5320,ariar,1998-03-25,Seattle,Rhode Island,70664,560 Fifth Street,True
39,Lucas,Gray,lucas.gray@x.dummyjson.com,male,30,+44 687-435-7119,lucasg,1994-04-06,Houston,Wisconsin,12506,590 Lincoln Street,True
40,Ella,Adams,ella.adams@x.dummyjson.com,female,27,+1 450-865-6061,ellaa,1997-06-20,Washington,Utah,85475,1420 First Street,True
41,Evan,Reed,evan.reed@x.dummyjson.com,male,32,+61 932-569-4853,evanr,1992-06-16,San Antonio,North Carolina,19937,98 Tenth Street,True
42,Avery,Carter,avery.carter@x.dummyjson.com,female,28,+44 254-655-6112,averyc,1996-08-21,San Diego,West Virginia,13916,1999 Seventh Street,True
43,Benjamin,Foster,benjamin.foster@x.dummyjson.com,male,34,+61 333-911-3476,benjaminf,1990-11-01,San Diego,Delaware,48884,25 Sixth Street,True
44,Scarlett,Wright,scarlett.wright@x.dummyjson.com,female,26,+1 599-432-3048,scarlettw,1998-05-09,Phoenix,Vermont,32823,1276 Cedar Street,True
45,Lincoln,Kelly,lincoln.kelly@x.dummyjson.com,male,30,+49 680-666-9673,lincolnk,1994-01-12,Columbus,Montana,51083,108 Adams Street,True
46,Hannah,Robinson,hannah.robinson@x.dummyjson.com,female,29,+92 556-625-4398,hannahr,1995-02-02,Phoenix,West Virginia,82463,666 Fourth Street,True
47,Nicholas,Bailey,nicholas.bailey@x.dummyjson.com,male,35,+49 212-856-4272,nicholasb,1989-06-14,Chicago,Rhode Island,58331,55 Madison Street,True
48,Luna,Russell,luna.russell@x.dummyjson.com,female,27,+91 730-486-3735,lunar,1997-06-18,San Diego,Colorado,64610,968 Elm Street,True
49,Jacob,Cooper,jacob.cooper@x.dummyjson.com,male,31,+91 322-775-7582,jacobc,1993-12-21,Columbus,Montana,61227,1419 Pine Street,True
50,Stella,Hughes,stella.hughes@x.dummyjson.com,female,33,+92 378-326-3439,stellah,1991-11-06,Jacksonville,New Hampshire,24463,926 Elm Street,True
51,Eli,Bennett,eli.bennett@x.dummyjson.com,male,29,+1 465-379-7226,elib,1995-09-17,Jacksonville,Idaho,34271,1423 Main Street,True
52,Grace,Perry,grace.perry@x.dummyjson.com,female,26,+49 550-430-8269,gracep,1998-12-23,Seattle,Pennsylvania,61720,1957 Cedar Street,True
53,Lucas,Gordon,lucas.gordon@x.dummyjson.com,male,35,+81 367-320-4960,lucasgx,1989-09-11,Los Angeles,Rhode Island,37169,1386 Third Street,True
54,Ava,Harrison,ava.harrison@x.dummyjson.com,female,28,+44 926-778-4653,avah,1996-04-22,San Antonio,Vermont,14336,1094 Adams Street,True
55,Owen,Fisher,owen.fisher@x.dummyjson.com,male,31,+49 328-635-8057,owenf,1993-06-26,Chicago,Nevada,54304,1486 Second Street,True
56,Samantha,Howard,samantha.howard@x.dummyjson.com,female,30,+91 458-289-9756,samanthah,1994-06-17,Austin,Alaska,20118,1506 Jefferson Street,True
57,Nathan,Dixon,nathan.dixon@x.dummyjson.com,male,34,+44 540-488-4436,nathand,1990-11-10,Columbus,Utah,20882,1795 Seventh Street,True
58,Bella,Grant,bella.grant@x.dummyjson.com,female,27,+92 896-206-1901,bellag,1997-03-15,Dallas,Mississippi,40138,447 Ninth Street,True
59,Ethan,Fletcher,ethan.fletcher@x.dummyjson.com,male,33,+1 251-564-2643,ethanf,1991-05-01,Dallas,Arkansas,87924,789 Main Street,True
60,Lillian,Simmons,lillian.simmons@x.dummyjson.com,female,32,+61 857-625-2029,lillians,1992-03-09,Phoenix,Minnesota,47571,1577 Seventh Street,True
61,Mason,Pearson,mason.pearson@x.dummyjson.com,male,28,+1 394-401-1757,masonpx,1996-05-09,Phoenix,Idaho,82481,14 Main Street,True
62,Leah,Henderson,leah.henderson@x.dummyjson.com,female,26,+91 453-220-4258,leahh,1998-08-19,Austin,Wyoming,42884,554 Seventh Street,True
63,Logan,Lawson,logan.lawson@x.dummyjson.com,male,33,+1 750-526-9455,loganl,1991-08-05,Chicago,Minnesota,10672,1110 Fifth Street,True
64,Avery,Barnes,avery.barnes@x.dummyjson.com,female,29,+91 207-801-7417,averyb,1995-02-05,Philadelphia,Connecticut,61359,466 Sixth Street,True
65,Caleb,Perkins,caleb.perkins@x.dummyjson.com,male,30,+81 351-413-9369,calebp,1994-07-28,Los Angeles,South Carolina,12319,1078 Sixth Street,True
66,Aria,Ferguson,aria.ferguson@x.dummyjson.com,female,27,+44 434-406-8551,ariaf,1997-06-01,San Diego,Wyoming,59501,1553 Sixth Street,True
67,Gabriel,Hayes,gabriel.hayes@x.dummyjson.com,male,34,+61 386-511-8949,gabrielh,1990-04-08,San Jose,Minnesota,63269,240 Jefferson Street,True
68,Layla,Sullivan,layla.sullivan@x.dummyjson.com,female,25,+92 657-388-7474,laylas,1999-10-03,Denver,Arizona,56891,639 Fourth Street,True
69,Christopher,West,christopher.west@x.dummyjson.com,male,31,+49 968-571-2475,christopherw,1993-11-16,Denver,Pennsylvania,63011,1656 Eighth Street,True
70,Zoe,Nicholson,zoe.nicholson@x.dummyjson.com,female,32,+49 638-976-6904,zoen,1992-12-24,Jacksonville,Kansas,39449,1705 Pine Street,True
71,Nolan,Bryant,nolan.bryant@x.dummyjson.com,male,29,+44 618-916-5243,nolanb,1995-12-07,Jacksonville,Nevada,56830,236 Lincoln Street,True
72,Victoria,McDonald,victoria.mcdonald@x.dummyjson.com,female,27,+91 624-944-2089,victoriam,1997-09-16,Austin,Missouri,39608,244 Second Street,True
73,Max,Russell,max.russell@x.dummyjson.com,male,34,+44 663-850-4302,maxr,1990-04-19,Chicago,Oklahoma,46278,1813 Ninth Street,True
74,Penelope,Harper,penelope.harper@x.dummyjson.com,female,28,+44 907-679-1302,penelopeh,1996-09-14,Charlotte,Pennsylvania,26857,571 Washington Street,True
75,Ryan,Graham,ryan.graham@x.dummyjson.com,male,31,+92 260-518-7256,ryang,1993-10-02,San Antonio,Tennessee,44329,1858 Madison Street,True
76,Madeline,Simpson,madeline.simpson@x.dummyjson.com,female,26,+44 371-964-4017,madelines,1998-12-01,Los Angeles,New Jersey,29730,1466 Oak Street,True
77,Jonathan,Pierce,jonathan.pierce@x.dummyjson.com,male,33,+61 456-307-5568,jonathanp,1991-09-25,San Diego,Ohio,34379,1110 Seventh Street,True
78,Eleanor,Tyler,eleanor.tyler@x.dummyjson.com,female,30,+1 232-621-9938,eleanort,1994-10-26,San Antonio,New Hampshire,64622,439 Pine Street,True
79,Isaac,Lawrence,isaac.lawrence@x.dummyjson.com,male,32,+81 693-260-7234,isaacl,1992-01-06,Austin,North Dakota,62609,1581 Oak Street,True
80,Hazel,Gardner,hazel.gardner@x.dummyjson.com,female,27,+91 688-478-9459,hazelg,1997-09-18,New York,Kentucky,35181,756 Washington Street,True
81,Austin,Hudson,austin.hudson@x.dummyjson.com,male,29,+81 405-412-4250,austinh,1995-05-01,Los Angeles,Maryland,64305,1468 Eighth Street,True
82,Lillian,Bishop,lillian.bishop@x.dummyjson.com,female,26,+92 538-589-5885,lillianb,1998-08-02,Jacksonville,Minnesota,79154,1959 Lincoln Street,True
83,Dylan,Wells,dylan.wells@x.dummyjson.com,male,34,+49 659-638-1106,dylanw,1990-11-07,Philadelphia,West Virginia,54522,816 Sixth Street,True
84,Aaliyah,Hanson,aaliyah.hanson@x.dummyjson.com,female,28,+1 275-501-1119,aaliyahh,1996-03-20,Philadelphia,North Dakota,51438,790 Eighth Street,True
85,Cameron,Burke,cameron.burke@x.dummyjson.com,male,31,+1 976-686-7996,cameronb,1993-02-28,Denver,South Dakota,32940,1192 Adams Street,True
86,Nora,Mills,nora.mills@x.dummyjson.com,female,26,+44 767-262-6860,noram,1998-09-18,San Jose,Kansas,51983,940 Oak Street,True
87,Hunter,Gordon,hunter.gordon@x.dummyjson.com,male,33,+1 986-988-5297,hunterg,1991-02-08,Charlotte,Florida,77521,614 Third Street,True
88,Aubrey,Wagner,aubrey.wagner@x.dummyjson.com,female,30,+81 285-568-5834,aubreyw,1994-04-01,Phoenix,North Carolina,72711,1147 Adams Street,True
89,Brayden,Fleming,brayden.fleming@x.dummyjson.com,male,32,+1 404-382-1778,braydenf,1992-07-20,Jacksonville,Arkansas,30822,328 Second Street,True
90,Scarlett,Bowman,scarlett.bowman@x.dummyjson.com,female,27,+44 928-549-7517,scarlettb,1997-02-26,New York,New Jersey,63825,1108 Madison Street,True
91,Levi,Hicks,levi.hicks@x.dummyjson.com,male,29,+92 931-753-3850,levih,1995-05-19,Phoenix,West Virginia,74747,1836 Pine Street,True
92,Autumn,Gomez,autumn.gomez@x.dummyjson.com,female,26,+1 340-455-2897,autumng,1998-02-01,Dallas,Illinois,53203,1585 Washington Street,True
93,Julian,Newton,julian.newton@x.dummyjson.com,male,34,+92 865-328-8737,juliann,1990-07-02,Fort Worth,Iowa,33623,565 First Street,True
94,Ruby,Andrews,ruby.andrews@x.dummyjson.com,female,28,+1 343-203-7912,rubya,1996-07-07,Dallas,Texas,85259,800 Adams Street,True
95,Miles,Stevenson,miles.stevenson@x.dummyjson.com,male,31,+49 708-659-4394,miless,1993-03-01,Charlotte,Montana,29192,1778 Tenth Street,True
96,Aurora,Lawson,aurora.lawson@x.dummyjson.com,female,26,+92 802-452-4192,auroral,1998-06-16,Dallas,Minnesota,29004,1140 Adams Street,True
97,Oscar,Powers,oscar.powers@x.dummyjson.com,male,33,+61 929-572-1408,oscarp,1991-09-07,Charlotte,Vermont,12263,1948 Jefferson Street,True
98,Clara,Berry,clara.berry@x.dummyjson.com,female,30,+1 390-831-5172,clarab,1994-02-13,Seattle,Montana,41818,1577 Jefferson Street,True
99,Gavin,Stanley,gavin.stanley@x.dummyjson.com,male,32,+44 466-358-6026,gavins,1992-03-17,Houston,Mississippi,85234,1898 Second Street,True
100,Lila,Hudson,lila.hudson@x.dummyjson.com,female,27,+91 697-236-1544,lilah,1997-09-01,Chicago,Nevada,17472,262 Ninth Street,True
101,Alice,Smith,alice.smith@x.dummyjson.com,female,28,+61 611-556-8989,alicej,1996-09-08,Houston,Arkansas,81896,1631 Fourth Street,True
102,John,Doe,john.doe@x.dummyjson.com,male,35,+44 242-757-6754,johnd,1989-02-20,Fort Worth,New York,33991,37 Second Street,True
103,Emily,Brown,emily.brown@x.dummyjson.com,female,42,+61 875-999-8871,emilyt,1982-12-05,Houston,Hawaii,67104,1962 Fourth Street,True
104,Michael,Johnson,michael.johnson@x.dummyjson.com,male,24,+92 290-825-4767,michaelj,2000-01-06,Phoenix,Maryland,64002,1252 Washington Street,True
105,Emma,Wilson,emma.wilson@x.dummyjson.com,female,31,+49 933-975-3236,emmac,1993-06-02,New York,Kansas,85313,888 Lincoln Street,True
106,David,Martinez,david.martinez@x.dummyjson.com,male,39,+1 846-350-3024,davidm,1985-06-11,Seattle,New Jersey,75448,510 Pine Street,True
107,Olivia,Anderson,olivia.anderson@x.dummyjson.com,female,29,+44 952-688-2836,oliviah,1995-06-23,Houston,Vermont,37773,466 Cedar Street,True
108,James,Garcia,james.garcia@x.dummyjson.com,male,45,+1 958-844-1106,jamesg,1979-11-29,Washington,Maryland,54618,41 Maple Street,True
109,Sophia,Jones,sophia.jones@x.dummyjson.com,female,33,+92 230-523-9981,sophiam,1991-05-21,Phoenix,Georgia,24752,895 Sixth Street,True
110,Daniel,Taylor,daniel.taylor@x.dummyjson.com,male,27,+92 944-656-6731,danielt,1997-12-21,San Francisco,Virginia,14050,339 Pine Street,True
111,Isabella,Jackson,isabella.jackson@x.dummyjson.com,female,36,+44 398-882-4460,isabellaw,1988-12-26,Charlotte,Connecticut,80531,200 Pine Street,True
112,Alexander,Hernandez,alexander.hernandez@x.dummyjson.com,male,41,+49 410-245-8608,alexanderh,1983-07-04,Dallas,Idaho,49314,329 Second Street,True
113,Mia,Miller,mia.miller@x.dummyjson.com,female,25,+1 484-466-3879,miam,1999-07-10,Denver,Michigan,43350,1706 First Street,True
114,Ethan,Thompson,ethan.thompson@x.dummyjson.com,male,32,+1 872-403-3499,ethant,1992-01-10,Dallas,Tennessee,38792,1497 Tenth Street,True
115,Charlotte,Davis,charlotte.davis@x.dummyjson.com,female,38,+91 908-214-6224,charlotteb,1986-01-18,Fort Worth,Massachusetts,41530,1787 Sixth Street,True
116,William,Lopez,william.lopez@x.dummyjson.com,male,26,+49 254-368-2317,williaml,1998-11-01,Washington,Arkansas,28272,566 Madison Street,True
117,Amelia,Perez,amelia.perez@x.dummyjson.com,female,43,+49 751-988-9521,ameliag,1981-01-29,New York,New Hampshire,88314,25 Elm Street,True
118,Benjamin,Wilson,benjamin.wilson@x.dummyjson.com,male,30,+91 482-329-9835,benjaminw,1994-03-11,Philadelphia,New Hampshire,47295,1469 Elm Street,True
119,Liam,Gonzalez,liam.gonzalez@x.dummyjson.com,male,34,+1 803-794-6247,liamr,1990-09-14,Columbus,New Hampshire,31018,1628 Adams Street,True
120,Evelyn,Walker,evelyn.walker@x.dummyjson.com,female,37,+44 478-401-7533,evelynf,1987-08-24,Phoenix,Arizona,16437,310 Madison Street,True
121,Ava,Harris,ava.harris@x.dummyjson.com,female,29,+44 422-227-6412,avahx,1995-08-26,San Antonio,Florida,35171,518 Elm Street,True
122,Liam,Smith,liam.smith@x.dummyjson.com,male,44,+44 293-526-4966,liamt,1980-11-24,Jacksonville,Vermont,34638,781 Jefferson Street,True
123,Harper,King,harper.king@x.dummyjson.com,female,23,+92 865-719-5676,harperb,2001-06-17,Phoenix,Washington,60136,881 Lincoln Street,True
124,Noah,Lewis,noah.lewis@x.dummyjson.com,male,39,+61 396-867-4229,noahl,1985-06-09,Denver,Alabama,42655,41 Fifth Street,True
125,Logan,Lee,logan.lee@x.dummyjson.com,male,45,+92 231-690-1885,loganlx,1979-10-18,Los Angeles,Oregon,85616,474 Washington Street,True
126,Avery,Scott,avery.scott@x.dummyjson.com,female,27,+91 965-669-9087,averya,1997-10-13,New York,Arizona,18065,1766 Jefferson Street,True
127,Mason,Wright,mason.wright@x.dummyjson.com,male,40,+61 251-806-5947,masonw,1984-05-17,Indianapolis,Tennessee,44469,1195 Main Street,True
128,Grace,Green,grace.green@x.dummyjson.com,female,35,+91 339-788-2388,gracee,1989-02-04,Los Angeles,Nevada,85922,1415 Oak Street,True
129,Lucas,Allen,lucas.allen@x.dummyjson.com,male,26,+61 831-566-3134,lucasa,1998-11-01,Jacksonville,New Mexico,78335,1160 Eighth Street,True
130,Chloe,Roberts,chloe.roberts@x.dummyjson.com,female,41,+44 900-399-5847,chloep,1983-04-08,San Jose,Arkansas,83671,1976 Elm Street,True
131,Jackson,Morales,jackson.morales@x.dummyjson.com,male,33,+1 685-561-9154,jacksonm,1991-09-18,Austin,Arkansas,23595,1549 Main Street,True
132,Zoe,Bennett,zoe.bennett@x.dummyjson.com,female,28,+44 944-423-6651,zoec,1996-05-11,San Jose,Utah,50908,1252 Seventh Street,True
133,Carter,Rivera,carter.rivera@x.dummyjson.com,male,37,+92 500-957-1453,carterr,1987-01-19,Phoenix,South Carolina,59420,89 Main Street,True
134,Nora,Russell,nora.russell@x.dummyjson.com,female,24,+81 415-979-9594,noramx,2000-03-30,Charlotte,West Virginia,77947,1915 Elm Street,True
135,Elijah,Cruz,elijah.cruz@x.dummyjson.com,male,29,+1 613-532-2557,elijahc,1995-01-23,Seattle,North Dakota,26483,583 Second Street,True
136,Madison,Stewart,madison.stewart@x.dummyjson.com,female,36,+61 455-829-5048,madisonk,1988-05-15,Indianapolis,Arkansas,66305,823 Sixth Street,True
137,Gabriel,Bailey,gabriel.bailey@x.dummyjson.com,male,42,+91 970-512-5684,gabrielb,1982-11-22,Philadelphia,New Mexico,39924,1001 Fifth Street,True
138,Lily,Torres,lily.torres@x.dummyjson.com,female,31,+91 610-954-3059,lilyl,1993-08-22,Chicago,Illinois,44296,1007 Lincoln Street,True
139,Elijah,Hill,elijah.hill@x.dummyjson.com,male,26,+91 906-692-9655,elijahh,1998-08-25,Los Angeles,Maine,47017,1842 Eighth Street,True
140,Hannah,Howard,hannah.howard@x.dummyjson.com,female,35,+1 884-326-8478,hannahg,1989-10-15,Indianapolis,Indiana,72695,783 Fifth Street,True
141,Owen,Sullivan,owen.sullivan@x.dummyjson.com,male,43,+91 438-781-6749,owens,1981-01-02,Charlotte,Mississippi,78780,1487 Maple Street,True
142,Aria,Parker,aria.parker@x.dummyjson.com,female,27,+91 762-847-6884,ariam,1997-07-06,Phoenix,Alabama,16573,1504 Tenth Street,True
143,Grayson,Coleman,grayson.coleman@x.dummyjson.com,male,30,+61 238-607-2286,graysonc,1994-12-15,San Francisco,Illinois,82802,328 Fifth Street,True
144,Ella,Cook,ella.cook@x.dummyjson.com,female,38,+91 736-763-5452,ellar,1986-10-28,Fort Worth,New Hampshire,49323,624 Sixth Street,True
145,Luke,Cooper,luke.cooper@x.dummyjson.com,male,25,+61 347-869-6758,lukec,1999-04-20,San Antonio,Maryland,36126,355 Ninth Street,True
146,Leah,Hughes,leah.hughes@x.dummyjson.com,female,32,+1 935-838-3386,leahp,1992-06-02,Indianapolis,Indiana,66061,1329 Sixth Street,True
147,Henry,Turner,henry.turner@x.dummyjson.com,male,44,+1 374-470-5082,henryt,1980-06-12,Philadelphia,Ohio,41914,201 Sixth Street,True
148,Aurora,Barnes,aurora.barnes@x.dummyjson.com,female,29,+91 403-842-9683,aurorag,1995-12-15,New York,Idaho,19201,1184 Adams Street,True
149,Wyatt,Perry,wyatt.perry@x.dummyjson.com,male,34,+81 370-801-1294,wyattp,1990-05-23,Charlotte,Wisconsin,26451,1864 Oak Street,True
150,Stella,Morris,stella.morris@x.dummyjson.com,female,39,+1 202-954-5884,stellas,1985-03-15,San Diego,Rhode Island,80524,257 Ninth Street,True
151,Nathan,Reed,nathan.reed@x.dummyjson.com,male,28,+1 448-642-4577,nathanr,1996-12-26,Los Angeles,Utah,73204,82 Cedar Street,True
152,Paisley,Bell,paisley.bell@x.dummyjson.com,female,43,+81 744-537-2238,paisleyf,1981-05-10,San Diego,Delaware,49147,541 Elm Street,True
153,Christian,Perez,christian.perez@x.dummyjson.com,male,31,+91 223-371-4471,christianp,1993-07-24,Chicago,Iowa,35579,1013 Madison Street,True
154,Bella,Gonzalez,bella.gonzalez@x.dummyjson.com,female,26,+81 213-723-5694,bellaa,1998-06-17,Jacksonville,New York,65463,1447 Main Street,True
155,Nicholas,Edwards,nicholas.edwards@x.dummyjson.com,male,41,+44 983-891-6014,nicholase,1983-01-13,Chicago,North Carolina,25035,1796 First Street,True
156,Mila,Hernandez,mila.hernandez@x.dummyjson.com,female,33,+49 893-855-2896,milam,1991-08-18,Seattle,New Mexico,46438,1454 Oak Street,True
157,Aaron,Cook,aaron.cook@x.dummyjson.com,male,27,+81 362-539-6973,aaronc,1997-01-26,Phoenix,Wyoming,52331,169 First Street,True
158,Aubrey,Gutierrez,aubrey.gutierrez@x.dummyjson.com,female,36,+92 881-268-9845,aubreyb,1988-02-19,Philadelphia,Connecticut,78892,1207 Oak Street,True
159,Eli,Ward,eli.ward@x.dummyjson.com,male,30,+92 770-978-9439,eliw,1994-04-24,Columbus,Connecticut,67863,850 Fourth Street,True
160,Claire,Foster,claire.foster@x.dummyjson.com,female,29,+81 570-848-1400,claires,1995-02-24,San Jose,Massachusetts,33308,981 Pine Street,True
161,James,Gonzales,james.gonzales@x.dummyjson.com,male,44,+92 970-896-7544,jamesgx,1980-09-05,Seattle,Montana,32066,1535 Cedar Street,True
162,Mateo,Bennett,mateo.bennett@x.dummyjson.com,male,28,+91 232-996-1168,mateob,1996-08-08,Jacksonville,Connecticut,61459,365 Washington Street,True
163,Julian,James,julian.james@x.dummyjson.com,male,24,+92 871-230-2864,julianj,2000-08-15,Charlotte,Nebraska,25690,1000 Fourth Street,True
164,Addison,Ward,addison.ward@x.dummyjson.com,female,29,+1 248-875-1802,addisonf,1995-08-23,San Francisco,South Carolina,20149,1320 Fifth Street,True
165,Leo,Rivera,leo.rivera@x.dummyjson.com,male,36,+44 625-386-6730,leor,1988-07-29,Fort Worth,Vermont,16848,792 Adams Street,True
166,Elena,Long,elena.long@x.dummyjson.com,female,42,+91 697-839-3216,elenam,1982-04-04,San Jose,New York,29766,1883 Lincoln Street,True
167,Evan,Wright,evan.wright@x.dummyjson.com,male,31,+92 329-343-8617,evanw,1993-06-24,San Jose,Wisconsin,20257,1192 Seventh Street,True
168,Luna,Perez,luna.perez@x.dummyjson.com,female,26,+92 202-261-2116,lunah,1998-10-08,San Diego,Arizona,56628,437 First Street,True
169,Jaxon,Barnes,jaxon.barnes@x.dummyjson.com,male,41,+92 263-713-5362,jaxonb,1983-07-16,Indianapolis,Colorado,56080,1965 Washington Street,True
170,Penelope,King,penelope.king@x.dummyjson.com,female,33,+44 802-959-3104,penelopet,1991-01-27,Los Angeles,New Hampshire,35724,1002 Eighth Street,True
171,Connor,Baker,connor.baker@x.dummyjson.com,male,27,+49 638-260-8907,connorb,1997-02-02,Indianapolis,Louisiana,37331,910 Adams Street,True
172,Ariana,Ross,ariana.ross@x.dummyjson.com,female,36,+61 393-553-7155,arianaw,1988-09-26,Chicago,West Virginia,59220,911 First Street,True
173,Asher,Scott,asher.scott@x.dummyjson.com,male,30,+81 469-421-7639,ashers,1994-08-18,Dallas,Vermont,82460,666 Main Street,True
174,Sadie,Morales,sadie.morales@x.dummyjson.com,female,29,+61 203-600-1121,sadiep,1995-02-09,Seattle,Wisconsin,44232,702 Fifth Street,True
175,Gabriel,Mitchell,gabriel.mitchell@x.dummyjson.com,male,44,+81 861-548-2844,gabrielm,1980-08-18,Charlotte,Mississippi,14149,1698 Ninth Street,True
176,Aaliyah,Martinez,aaliyah.martinez@x.dummyjson.com,female,28,+91 862-924-5336,aaliyaha,1996-02-02,New York,West Virginia,60165,935 Fifth Street,True
177,Xavier,Wright,xavier.wright@x.dummyjson.com,male,37,+91 561-239-9006,xavierw,1987-01-11,Jacksonville,Maryland,37262,1497 Eighth Street,True
178,Savannah,Gomez,savannah.gomez@x.dummyjson.com,female,25,+92 242-841-6772,savannahe,1999-02-16,Austin,Mississippi,20453,1410 Main Street,True
179,Tyler,Davis,tyler.davis@x.dummyjson.com,male,42,+92 633-378-5551,tylerd,1982-05-21,Columbus,Wisconsin,59597,1859 Elm Street,True
180,Aurora,Rodriguez,aurora.rodriguez@x.dummyjson.com,female,31,+61 393-225-2755,auroran,1993-11-23,Chicago,Missouri,60765,1388 Madison Street,True
181,Brandon,Collins,brandon.collins@x.dummyjson.com,male,26,+91 994-732-2700,brandonc,1998-01-19,Dallas,Delaware,62698,374 First Street,True
182,Ellie,Stewart,ellie.stewart@x.dummyjson.com,female,41,+1 901-445-7668,ellieh,1983-11-02,Philadelphia,Idaho,25365,1700 Cedar Street,True
183,Cameron,Perez,cameron.perez@x.dummyjson.com,male,33,+91 275-868-7103,cameronp,1991-09-02,San Jose,Georgia,51464,1179 Second Street,True
184,Natalie,Price,natalie.price@x.dummyjson.com,female,28,+91 273-928-7633,nataliehx,1996-10-09,Washington,Maryland,76767,1403 Lincoln Street,True
185,Henry,Adams,henry.adams@x.dummyjson.com,male,44,+61 715-487-1979,henrya,1980-07-14,Dallas,Georgia,78616,151 Oak Street,True
186,Harper,Garcia,harper.garcia@x.dummyjson.com,female,29,+92 230-235-4683,harperbx,1995-05-05,Los Angeles,Michigan,33556,905 Ninth Street,True
187,Zachary,Lee,zachary.lee@x.dummyjson.com,male,36,+61 382-295-6973,zacharyl,1988-12-26,Dallas,Alabama,60280,1532 Third Street,True
188,Aria,Flores,aria.flores@x.dummyjson.com,female,25,+61 415-771-8232,ariamx,1999-11-08,Indianapolis,Tennessee,71284,492 Pine Street,True
189,Tristan,Scott,tristan.scott@x.dummyjson.com,male,30,+44 401-329-9855,tristans,1994-12-02,San Diego,Arkansas,74135,407 Tenth Street,True
190,Leah,Gutierrez,leah.gutierrez@x.dummyjson.com,female,31,+1 300-470-3376,leahw,1993-06-22,Denver,Michigan,70175,370 Fifth Street,True
191,Layla,Young,layla.young@x.dummyjson.com,female,41,+44 224-805-7678,laylab,1983-04-30,Houston,Florida,49221,856 Third Street,True
192,Nolan,Gonzalez,nolan.gonzalez@x.dummyjson.com,male,33,+49 666-608-6933,nolang,1991-06-11,San Francisco,Vermont,41010,688 Eighth Street,True
193,Hazel,Evans,hazel.evans@x.dummyjson.com,female,28,+92 319-405-4110,hazelc,1996-08-11,Dallas,South Dakota,49273,855 Jefferson Street,True
194,Brayden,Hill,brayden.hill@x.dummyjson.com,male,45,+61 371-853-2857,braydenh,1979-04-20,Austin,Massachusetts,40298,144 Jefferson Street,True
195,Violet,Roberts,violet.roberts@x.dummyjson.com,female,29,+49 724-357-9329,violeta,1995-06-14,San Jose,South Carolina,89729,1117 Tenth Street,True
196,Lucas,Ramirez,lucas.ramirez@x.dummyjson.com,male,34,+92 745-454-8374,lucasr,1990-12-04,San Francisco,Delaware,33971,773 Fourth Street,True
197,Eleanor,Collins,eleanor.collins@x.dummyjson.com,female,37,+44 353-303-4041,eleanorw,1987-01-20,Phoenix,Utah,18908,285 Adams Street,True
198,Max,Parker,max.parker@x.dummyjson.com,male,32,+81 250-310-5486,maxp,1992-01-15,Washington,Alaska,20650,1038 Oak Street,True
199,Vivian,Carter,vivian.carter@x.dummyjson.com,female,26,+92 237-734-8586,viviang,1998-02-25,Indianapolis,Pennsylvania,29369,511 First Street,True
200,Adrian,Flores,adrian.flores@x.dummyjson.com,male,43,+61 524-858-7351,adrianf,1981-05-01,New York,Delaware,60163,1395 Madison Street,True
201,Maya,Reed,maya.reed@x.dummyjson.com,female,29,+92 291-415-7257,mayah,1995-09-12,Seattle,Florida,88510,1579 Pine Street,True
202,Caleb,Nelson,caleb.nelson@x.dummyjson.com,male,36,+91 820-504-1614,calebn,1988-09-25,Philadelphia,North Dakota,22625,684 Madison Street,True
203,Nova,Cooper,nova.cooper@x.dummyjson.com,female,31,+49 292-569-8252,novab,1993-06-16,Los Angeles,Nebraska,49131,1687 Pine Street,True
204,Mateo,Perez,mateo.perez@x.dummyjson.com,male,45,+44 704-302-8113,mateop,1979-01-26,Jacksonville,Texas,12771,798 Ninth Street,True
205,Aubrey,Garcia,aubrey.garcia@x.dummyjson.com,female,28,+1 470-576-9130,aubreyg,1996-11-05,Los Angeles,South Carolina,78498,1221 Washington Street,True
206,Elena,Baker,elena.baker@x.dummyjson.com,female,34,+49 978-346-6960,elenab,1990-03-16,San Francisco,Tennessee,40535,117 Maple Street,True
207,Jace,Smith,jace.smith@x.dummyjson.com,male,41,+1 634-923-7779,jaces,1983-12-18,Seattle,South Dakota,60977,1856 Tenth Street,True
208,Samantha,Martinez,samantha.martinez@x.dummyjson.com,female,27,+49 493-402-2473,samanthal,1997-09-03,Los Angeles,New Hampshire,53772,1890 First Street,True
